Subject	NZMean_1	NZcount_1	NZSigma_1	NZMean_3	NZcount_3	NZSigma_3	NZMean_4	NZcount_4	NZSigma_4	NZMean_5	NZcount_5	NZSigma_5	NZMean_6	NZcount_6	NZSigma_6	NZMean_7	NZcount_7	NZSigma_7	NZMean_17	NZcount_17	NZSigma_17	NZMean_26	NZcount_26	NZSigma_26	NZMean_28	NZcount_28	NZSigma_28	NZMean_29	NZcount_29	NZSigma_29
/project/bbl_roalf_cmroicest/cest/100007/100007-GluCEST.nii.gz_0	9.359253	1405	1.816052	9.785989	7	1.059907	10.431934	769	1.801693	9.293024	75	2.775814	10.050041	184	1.664521	9.546883	1527	2.387589	9.126158	371	2.987644	9.700788	361	1.924593	9.427796	284	1.941913	9.495054	853	2.788281
